{"schemaVersion":"1.0","appDefinitionTemplate":{"id":"/providers/Microsoft.PowerApps/apps/","type":"Microsoft.PowerApps/apps","tags":{"primaryDeviceWidth":"1366","primaryDeviceHeight":"768","sienaVersion":"20200702T121755Z-3.20064.22.0","deviceCapabilities":"","supportsPortrait":"false","supportsLandscape":"true","primaryFormFactor":"Tablet","publisherVersion":"3.20064.22","minimumRequiredApiVersion":"2.2.0","hasComponent":"false","hasUnlockedComponent":"false","isUnifiedRootApp":"false"},"properties":{"appVersion":"2020-07-02T12:17:55Z","lifeCycleId":"Published","createdByClientVersion":{"major":3,"minor":20064,"build":22,"revision":0,"majorRevision":0,"minorRevision":0},"minClientVersion":{"major":3,"minor":20064,"build":22,"revision":0,"majorRevision":0,"minorRevision":0},"backgroundColor":"rgba(104, 101, 171, 1)","backgroundImageUri":"/17371576771734353834/N8f21c2e1-1dce-47c1-b3ac-8caf940de4ac-logoSmallFile","displayName":"Microsoft Teams Thread","description":"Microsoft Teams のスレッドの一覧を表示します。","commitMessage":"","appUris":{"documentUri":{"value":"/17371576771734353834/N366ea5df-7ac2-405e-876c-128b47a252a0-document.msapp","readonlyValue":"/17371576771734353834/N366ea5df-7ac2-405e-876c-128b47a252a0-document.msapp"},"imageUris":[]},"createdTime":"0001-01-01T00:00:00Z","lastModifiedTime":"0001-01-01T00:00:00Z","sharedGroupsCount":0,"sharedUsersCount":0,"icons":{"smallIconUri":"/17371576771734353834/Ne998ae21-9343-4eee-b573-60f673edda5e-small.png","mediumIconUri":"/17371576771734353834/Nae230750-98c9-401a-a076-827df9f16690-medium.png","largeIconUri":"/17371576771734353834/Ndcc03121-29a4-4fcc-a311-85e376dbb891-large.png","wideIconUri":"/17371576771734353834/N9f3c19ea-8d39-40e2-a8c2-e196eb72e4b6-wide.png"},"connectionReferences":{"5942085c-9b79-462f-bed5-5addcf5fe218":{"id":"a8386550-38aa-4294-ab8d-bd057ce397db","displayName":"Microsoft Teams","iconUri":"https://connectoricons-prod.azureedge.net/teams/icon_1.0.1366.2054.png","dataSources":["MicrosoftTeams"],"dependencies":[],"dependents":[],"parameterHints":{},"isOnPremiseConnection":false,"bypassConsent":false,"dataSets":{},"apiTier":"Standard","isCustomApiConnection":false}},"databaseReferences":{},"almMode":"Environment","performanceOptimizationEnabled":false,"canConsumeAppPass":true},"isAppComponentLibrary":false,"appType":"ClassicCanvasApp","appComponents":[]}}