{"schemaVersion":"1.0","appDefinitionTemplate":{"id":"/providers/Microsoft.PowerApps/apps/","type":"Microsoft.PowerApps/apps","tags":{"minimumRequiredApiVersion":"2.2.0"},"properties":{"appVersion":"2019-06-02T11:47:39Z","lifeCycleId":"Published","createdByClientVersion":{"major":3,"minor":19053,"build":21,"revision":0,"majorRevision":0,"minorRevision":0},"minClientVersion":{"major":3,"minor":19053,"build":21,"revision":0,"majorRevision":0,"minorRevision":0},"backgroundColor":"rgba(251, 101, 60, 1)","backgroundImageUri":"/5129714287077875373/N5a82ed22-665b-4e6f-b8da-5ed7c620362a-logoSmallFile","displayName":"Hamburger Menu","description":"","appUris":{"documentUri":{"value":"/5129714287077875373/N17271d0a-7168-4c49-89be-819dfe9fef48-document.msapp","readonlyValue":"/5129714287077875373/N17271d0a-7168-4c49-89be-819dfe9fef48-document.msapp"},"imageUris":[]},"createdTime":"0001-01-01T00:00:00Z","lastModifiedTime":"0001-01-01T00:00:00Z","sharedGroupsCount":0,"sharedUsersCount":0,"icons":{"smallIconUri":"/5129714287077875373/Neda8d507-c34a-4ef7-b451-10541a7f896e-small.png","mediumIconUri":"/5129714287077875373/Nba468566-f781-4ab8-b584-5072f745b56f-medium.png","largeIconUri":"/5129714287077875373/Neca1ed40-7775-40f0-b94d-2242731c6408-large.png","wideIconUri":"/5129714287077875373/N1878c19e-827e-4525-b790-5edf85c78c45-wide.png"},"connectionReferences":{},"almMode":"Environment"}}}